[{
	"firstName": "Mike",
	"lastName": "Chepesky",
	"companyName": "Accenture",
	"image": "src/data/employees/images/11.jpg",
	"address": "Pune",
	"age": 23,
	"profile": "He is a good developer and good human being and good team player",
	"email": "abc.pqr@xyz.com",
	"employeeNumber": 1840192
}, {
	"firstName": "Westlee",
	"lastName": "Barichak",
	"companyName": "TCS",
	"image": "src/data/employees/images/22.jpg",
	"address": "Mumbai",
	"age": 23,
	"profile": "He is a good developer and good human being and good team player",
	"email": "abc.pqr@xyz.com",
	"employeeNumber": 47901927
}, {
	"firstName": "Jamie",
	"lastName": "Lambier",
	"companyName": "Amdocs",
	"image": "src/data/employees/images/33.jpg",
	"address": "Ahamdabad",
	"age": 23,
	"profile": "He is a good developer and good human being and good team player",
	"email": "abc.pqr@xyz.com",
	"employeeNumber": 51239657
}, {
	"firstName": "Denise",
	"lastName": "Marshall",
	"companyName": "Infosys",
	"image": "src/data/employees/images/44.jpg",
	"address": "Nagpur",
	"age": 23,
	"profile": "He is a good developer and good human being and good team player",
	"email": "abc.pqr@xyz.com",
	"employeeNumber": 41239520
}, {
	"firstName": "Matthew",
	"lastName": "Taylor",
	"companyName": "Pubmatic",
	"image": "src/data/employees/images/55.jpg",
	"address": "Hariyana",
	"age": 23,
	"profile": "He is a good developer and good human being and good team player",
	"email": "abc.pqr@xyz.com",
	"employeeNumber": 1963597
}, {
	"firstName": "Mark",
	"lastName": "Tiegs",
	"companyName": "Cognizant",
	"image": "src/data/employees/images/66.jpg",
	"address": "Chennai",
	"age": 23,
	"profile": "He is a good developer and good human being and good team player",
	"email": "abc.pqr@xyz.com",
	"employeeNumber": 65321951
}, {
	"firstName": "Karla",
	"lastName": "Tetzel",
	"companyName": "Capgemini",
	"image": "src/data/employees/images/77.jpg",
	"address": "New York",
	"age": 23,
	"profile": "He is a good developer and good human being and good team player",
	"email": "abc.pqr@xyz.com",
	"employeeNumber": 3266987
}, {
	"firstName": "Ian",
	"lastName": "Dundas",
	"companyName": "address Bank",
	"image": "src/data/employees/images/88.jpg",
	"address": "San fransisco",
	"age": 23,
	"profile": "He is a good developer and good human being and good team player",
	"email": "abc.pqr@xyz.com",
	"employeeNumber": 29472012
}, {
	"firstName": "Marco",
	"lastName": "Cacciacarro",
	"companyName": "Pega System",
	"image": "src/data/employees/images/99.jpg",
	"address": "Hydrabad",
	"age": 23,
	"profile": "He is a good developer and good human being and good team player",
	"email": "abc.pqr@xyz.com",
	"employeeNumber": 56446691
}]